text,description_es,description_ca,option_id,createdAt,updatedAt
Ada Lovelace,prueba,prova,1,2016-06-03 18:30:10,2016-06-03 18:30:10
Asunción Borredà,prueba,prova,2,2016-06-03 18:30:10,2016-06-03 18:30:10
Beatriu Civera,prueba,prova,3,2016-06-03 18:30:10,2016-06-03 18:30:10
Carmen Conde,prueba,prova,4,2016-06-03 18:30:10,2016-06-03 18:30:10
Carmen Martín Gaite,prueba,prova,5,2016-06-03 18:30:10,2016-06-03 18:30:10
Concepción Arenal,prueba,prova,6,2016-06-03 18:30:10,2016-06-03 18:30:10
Empar Navarro i Giner,prueba,prova,7,2016-06-03 18:30:10,2016-06-03 18:30:10
Federica Montseny,prueba,prova,8,2016-06-03 18:30:10,2016-06-03 18:30:10
Isabel de Villena,prueba,prova,9,2016-06-03 18:30:10,2016-06-03 18:30:10
Justa Freire,prueba,prova,10,2016-06-03 18:30:10,2016-06-03 18:30:10
Les Comares,prueba,prova,11,2016-06-03 18:30:10,2016-06-03 18:30:10
Lucrecia Bori,prueba,prova,12,2016-06-03 18:30:10,2016-06-03 18:30:10
Manuela Ballester,prueba,prova,13,2016-06-03 18:30:10,2016-06-03 18:30:10
Manuela Solís,prueba,prova,14,2016-06-03 18:30:10,2016-06-03 18:30:10
Margarita Salas,prueba,prova,15,2016-06-03 18:30:10,2016-06-03 18:30:10
Maria Cambrils,prueba,prova,16,2016-06-03 18:30:10,2016-06-03 18:30:10
Marie Curie,prueba,prova,17,2016-06-03 18:30:11,2016-06-03 18:30:11
Matilde Ucelay,prueba,prova,18,2016-06-03 18:30:11,2016-06-03 18:30:11
Rigoberta Menchú,prueba,prova,19,2016-06-03 18:30:11,2016-06-03 18:30:11
Rosa Lumenburg,prueba,prova,20,2016-06-03 18:30:11,2016-06-03 18:30:11
Salvadora Sancho,prueba,prova,21,2016-06-03 18:30:11,2016-06-03 18:30:11
Teresa de Calcuta,prueba,prova,22,2016-06-03 18:30:11,2016-06-03 18:30:11
8 de març,prueba,prova,23,2016-06-03 18:30:11,2016-06-03 18:30:11
13 Rosas,prueba,prova,24,2016-06-03 18:30:11,2016-06-03 18:30:11
